scaffold	start	end	mid	sites	lnL
scaffold00169	51184	263021	190070	50	-1934.77162
scaffold00169	263024	366181	309299	50	-1534.90294
scaffold00169	370284	438556	418143	50	-1819.22518
scaffold00169	441407	528656	497534	50	-1266.74284
scaffold00169	530430	562296	541961	50	-1088.70011
scaffold00169	564388	666182	635387	50	-1182.12418
scaffold00169	668285	693292	679115	50	-1091.38658
scaffold00169	693311	761240	742379	50	-1613.65095
scaffold00169	761462	787012	775983	50	-1396.93732
scaffold00169	787282	811646	798102	50	-1054.02543
scaffold00169	813523	879887	840098	50	-1112.69307
scaffold00169	881520	930873	909776	50	-1190.88903
scaffold00169	932520	988187	960202	50	-1510.24484
scaffold00169	988188	1074790	1028584	50	-911.61514
scaffold00169	1077899	1115493	1103839	50	-1111.30005
scaffold00169	1115742	1214401	1170107	50	-996.80287
scaffold00169	1214417	1252825	1234980	50	-768.53718
scaffold00169	1252827	1315681	1285628	50	-757.45441
scaffold00169	1315696	1451647	1368542	50	-617.75817
