scaffold	start	end	mid	sites	lnL
scaffold00238	65	51271	8522	50	-1232.79674
scaffold00238	51272	65221	55165	50	-1891.85531
scaffold00238	84159	255638	172420	50	-724.96779
scaffold00238	255642	388921	312987	50	-601.41174
scaffold00238	388927	504888	456527	50	-769.09495
scaffold00238	508872	583381	545057	50	-630.56172
scaffold00238	583637	615237	599106	50	-587.19204
scaffold00238	616494	623139	620415	50	-1830.08668
scaffold00238	623143	624158	623691	50	-1388.99105
