scaffold	start	end	mid	sites	lnL
scaffold00169	51184	263021	190070	50	-1935.43317
scaffold00169	263024	366181	309299	50	-1521.15177
scaffold00169	370284	438556	418143	50	-1837.51291
scaffold00169	441407	528656	497534	50	-1263.84382
scaffold00169	530430	562296	541961	50	-1082.35038
scaffold00169	564388	666182	635387	50	-1194.57749
scaffold00169	668285	693292	679115	50	-1081.70117
scaffold00169	693311	761240	742379	50	-1600.55869
scaffold00169	761462	787012	775983	50	-1396.35075
scaffold00169	787282	811646	798102	50	-1062.13201
scaffold00169	813523	879887	840098	50	-1118.35443
scaffold00169	881520	930873	909776	50	-1180.70956
scaffold00169	932520	988187	960202	50	-1509.03768
scaffold00169	988188	1074790	1028584	50	-916.70381
scaffold00169	1077899	1115493	1103839	50	-1115.80735
scaffold00169	1115742	1214401	1170107	50	-998.15130
scaffold00169	1214417	1252825	1234980	50	-770.35242
scaffold00169	1252827	1315681	1285628	50	-742.76847
scaffold00169	1315696	1451647	1368542	50	-624.89202
