scaffold	start	end	mid	sites	lnL
scaffold00242	11593	33552	30042	50	-1433.73493
scaffold00242	33553	92808	43378	50	-1675.08228
scaffold00242	92810	282972	150675	50	-1306.96418
scaffold00242	282995	363355	321638	50	-1708.67796
scaffold00242	363477	394238	368501	50	-1837.53276
scaffold00242	394259	435565	409431	50	-1343.46189
scaffold00242	435576	501848	484026	50	-1351.78447
scaffold00242	501862	575451	549715	50	-1464.52089
