scaffold	start	end	mid	sites	lnL
scaffold00242	11593	33552	30042	50	-1438.66788
scaffold00242	33553	92808	43378	50	-1698.00597
scaffold00242	92810	282972	150675	50	-1288.29899
scaffold00242	282995	363355	321638	50	-1750.29413
scaffold00242	363477	394238	368501	50	-1831.58153
scaffold00242	394259	435565	409431	50	-1359.61026
scaffold00242	435576	501848	484026	50	-1319.98081
scaffold00242	501862	575451	549715	50	-1488.23056
