scaffold	start	end	mid	sites	lnL
scaffold00169	51184	438556	305837	150	-6871.91173
scaffold00169	441407	666182	558294	150	-4909.92648
scaffold00169	668285	787012	732492	150	-5540.04069
scaffold00169	787282	930873	849326	150	-4819.51484
scaffold00169	932520	1115493	1030875	150	-4834.21676
scaffold00169	1115742	1315681	1230238	150	-3652.43271
