scaffold	start	end	mid	sites	lnL
scaffold00239	2537	159608	86890	150	-5273.91394
scaffold00239	160940	318747	243159	150	-5048.96207
scaffold00239	318787	417507	365482	150	-5132.85105
scaffold00239	417517	534684	454181	150	-4120.81574
