scaffold	start	end	mid	sites	lnL
scaffold00242	11593	282972	74698	150	-6128.77327
scaffold00242	282995	435565	366523	150	-7601.35970
