Crotone	Sales	Guglionesi	Chokpak	Lesina	Utrecht	Meerkerk	Y150239
Crotone	-1.46666666666664e-05	5.93999999999975e-06	-0.00028298	7.57000000000001e-06	1.79999999999971e-07	5.95200000000001e-05	-0.0014402	0.0011205
Sales	5.93999999999975e-06	-0.0064498	-1.35999999999996e-06	1.18200000000001e-05	-1.54199999999997e-05	-7.14e-05	0.0001758	0.000177799999999999
Guglionesi	-0.00028298	-1.35999999999996e-06	-0.001478	5.89999999999966e-07	-4.82999999999987e-06	2.834e-05	0.0010378	-0.0011482
Chokpak	7.57000000000001e-06	1.18200000000001e-05	5.89999999999966e-07	0.000386844444444444	-0.00087047	-0.00027796	0.0002327	0.0010927
Lesina	1.79999999999971e-07	-1.54199999999997e-05	-4.82999999999987e-06	-0.00087047	0.00198955555555556	0.00046858	-0.001018	-0.0012604
Utrecht	5.95200000000001e-05	-7.14e-05	2.834e-05	-0.00027796	0.00046858	0.0108628	-0.006527	-0.025819
Meerkerk	-0.0014402	0.0001758	0.0010378	0.0002327	-0.001018	-0.006527	NA	0.032641
Y150239	0.0011205	0.000177799999999999	-0.0011482	0.0010927	-0.0012604	-0.025819	0.032641	NA
