scaffold	start	end	mid	sites	lnL
chr28	5018	303841	179092	150	-2337.37322
chr28	304724	451434	385272	150	-4302.36454
chr28	451482	533097	502720	150	-3836.05685
chr28	533102	648709	576666	150	-3025.79281
chr28	648762	745653	715753	150	-3297.88181
chr28	745668	832558	792509	150	-4676.77090
chr28	832642	917912	883718	150	-4205.17816
chr28	917918	1068264	985727	150	-4997.76084
chr28	1069572	1270917	1154572	150	-5751.21090
chr28	1270932	1448925	1399096	150	-5827.70241
chr28	1449154	1541270	1503896	150	-5396.18544
chr28	1541669	1637527	1580147	150	-6285.57729
chr28	1637688	1786891	1704561	150	-5914.90500
chr28	1787886	1939720	1844275	150	-5885.08966
chr28	1941153	2108081	2023695	150	-5876.75088
chr28	2108154	2309312	2221472	150	-6945.68771
chr28	2309326	2387133	2348314	150	-5201.45822
chr28	2387169	2627461	2495617	150	-5694.05748
chr28	2629223	2785418	2709154	150	-5274.42684
chr28	2785497	2871125	2822961	150	-6035.51189
chr28	2871130	2978881	2918131	150	-5597.46001
chr28	2978925	3033804	3006678	150	-5326.39988
chr28	3033825	3112643	3072998	150	-5449.83228
chr28	3112644	3193837	3154530	150	-5799.79082
chr28	3195302	3290538	3239021	150	-5727.43277
chr28	3290545	3404231	3358000	150	-5332.16951
