scaffold	start	end	mid	sites	lnL
scaffold00221	3269	222371	109506	150	-4603.52372
scaffold00221	222417	363845	314155	150	-5652.97921
scaffold00221	369508	609314	482899	150	-4907.81323
scaffold00221	613507	770290	659656	150	-5552.38830
