scaffold	start	end	mid	sites	lnL
scaffold00224	16389	270142	216795	150	-5885.82630
scaffold00224	270148	460989	324641	150	-6515.48269
scaffold00224	460994	610702	571764	150	-8250.97039
scaffold00224	610707	626112	615892	150	-7686.82018
scaffold00224	626113	807870	631042	150	-7460.30722
