scaffold	start	end	mid	sites	lnL
scaffold00223	1349	254778	148992	150	-3735.56331
scaffold00223	258455	512979	378423	150	-3507.34850
scaffold00223	513004	765904	674149	150	-4252.98317
