scaffold	start	end	mid	sites	lnL
chr27	18143	22037	21178	150	-6333.44530
chr27	22053	38183	27674	150	-5522.39061
chr27	38201	54450	50118	150	-5603.07173
chr27	54457	115835	94397	150	-7276.60529
chr27	115848	165685	145048	150	-7303.31899
chr27	177410	235571	228026	150	-6786.96852
chr27	235581	454667	347712	150	-4018.72708
chr27	454676	589997	494394	150	-6071.50436
chr27	591615	796117	706123	150	-3586.85843
chr27	796130	1033128	932303	150	-4633.38502
chr27	1034254	1149077	1101411	150	-3726.04784
chr27	1149083	1162694	1154757	150	-6811.78349
chr27	1162695	1303006	1222665	150	-4748.43937
chr27	1304611	1422321	1370959	150	-4370.63017
chr27	1422766	1572244	1488390	150	-5037.73153
chr27	1573972	1657658	1612405	150	-4701.24352
chr27	1657670	1758432	1716656	150	-4049.83703
chr27	1764213	1895588	1837026	150	-4013.53592
chr27	1895608	2062991	1999932	150	-4600.69090
chr27	2062997	2120949	2097873	150	-6529.79422
chr27	2120950	2122856	2122228	150	-6648.63778
chr27	2122859	2221588	2153760	150	-6305.55058
chr27	2229245	2427676	2349904	150	-7797.22448
chr27	2427679	2471921	2453528	150	-5705.42306
chr27	2472063	2500047	2488592	150	-6282.63038
chr27	2500104	2541807	2521034	150	-5571.23247
chr27	2541809	2565331	2554534	150	-5124.31937
chr27	2565339	2593424	2580519	150	-4832.61944
chr27	2593436	2615888	2602993	150	-5007.35115
chr27	2615927	2671061	2641215	150	-4968.12157
chr27	2671195	2705144	2688016	150	-4750.43280
chr27	2705181	2741181	2719174	150	-5165.19191
chr27	2741237	2811938	2766711	150	-5570.20076
chr27	2812610	2894066	2845473	150	-6194.39730
chr27	2894077	2960044	2937632	150	-5616.06667
chr27	2960047	3025845	2997090	150	-6345.35168
chr27	3026608	3168285	3086719	150	-5061.45546
chr27	3168297	3316359	3243880	150	-5695.84204
chr27	3317045	3582178	3383630	150	-6280.59716
