scaffold	start	end	mid	sites	lnL
scaffold00169	51184	438556	305837	150	-6836.38674
scaffold00169	441407	666182	558294	150	-4938.46567
scaffold00169	668285	787012	732492	150	-5527.45638
scaffold00169	787282	930873	849326	150	-4846.84667
scaffold00169	932520	1115493	1030875	150	-4790.73737
scaffold00169	1115742	1315681	1230238	150	-3623.79791
