scaffold	start	end	mid	sites	lnL
scaffold00224	16389	270142	216795	150	-5850.02442
scaffold00224	270148	460989	324641	150	-6500.17825
scaffold00224	460994	610702	571764	150	-8204.91636
scaffold00224	610707	626112	615892	150	-7573.69018
scaffold00224	626113	807870	631042	150	-7353.69070
