scaffold	start	end	mid	sites	lnL
scaffold00221	3269	222371	109506	150	-4576.93318
scaffold00221	222417	363845	314155	150	-5738.73045
scaffold00221	369508	609314	482899	150	-4937.23511
scaffold00221	613507	770290	659656	150	-5550.31064
