scaffold	start	end	mid	sites	lnL
chr22	140	140661	56282	150	-6603.15742
chr22	142833	280489	194820	150	-5898.48682
chr22	291302	547282	479923	150	-5723.43358
chr22	547293	622769	589272	150	-6361.36846
chr22	639601	750842	710628	150	-6016.13467
chr22	751104	773928	762501	150	-5644.17468
chr22	774274	816748	793504	150	-5299.86272
chr22	816901	877527	844066	150	-6485.40803
chr22	877530	985839	930156	150	-6334.82101
chr22	986132	1068287	1031920	150	-5827.55136
chr22	1068764	1126915	1102673	150	-6011.02890
chr22	1127540	1199642	1170807	150	-6126.08977
chr22	1199671	1304113	1248804	150	-5343.17927
chr22	1304129	1410278	1355596	150	-5767.71684
chr22	1412534	1647718	1556026	150	-6718.12884
chr22	1647724	2224159	1940845	150	-7083.59000
chr22	2225622	2603736	2437991	150	-6862.87834
chr22	2603797	3145179	2892891	150	-6804.39583
chr22	3152152	3521202	3346083	150	-4216.11728
