scaffold	start	end	mid	sites	lnL
scaffold00238	65	255638	78702	150	-5704.24413
scaffold00238	255642	583381	438190	150	-2851.18405
scaffold00238	583637	624158	614404	150	-5675.86598
