scaffold	start	end	mid	sites	lnL
scaffold00223	1349	254778	148992	150	-3699.16245
scaffold00223	258455	512979	378423	150	-3516.16613
scaffold00223	513004	765904	674149	150	-4267.52642
