scaffold	start	end	mid	sites	lnL
scaffold00239	2537	159608	86890	150	-5292.64571
scaffold00239	160940	318747	243159	150	-5020.67896
scaffold00239	318787	417507	365482	150	-5119.53393
scaffold00239	417517	534684	454181	150	-4132.54672
