scaffold	start	end	mid	sites	lnL
chr21	12583	537345	241052	150	-5263.42192
chr21	538765	763523	643600	150	-5101.87576
chr21	769588	1196563	1066065	150	-5966.82100
chr21	1198736	1359740	1282925	150	-5831.23519
chr21	1359788	1432968	1397656	150	-5997.42316
chr21	1433055	1517559	1477619	150	-5905.14111
chr21	1519148	1590133	1558269	150	-5448.85717
chr21	1590464	1636812	1613612	150	-4935.56910
chr21	1636821	1697939	1672631	150	-5135.21068
chr21	1698087	1757628	1719008	150	-5876.84759
chr21	1758998	1896977	1835665	150	-6260.37240
chr21	1897425	1983148	1939155	150	-5268.07313
chr21	1983151	2193679	2075787	150	-4676.52125
chr21	2193957	2575917	2384122	150	-5745.82762
chr21	2575958	2888092	2788969	150	-5426.54357
chr21	2888156	2983777	2928814	150	-5590.42906
chr21	2983845	3125530	3051499	150	-4812.93017
chr21	3125843	3253451	3207161	150	-5291.00727
chr21	3253718	3521865	3338270	150	-5867.00019
chr21	3522141	3709993	3633800	150	-5328.35910
chr21	3712568	3815308	3764991	150	-4941.33192
chr21	3815328	4047522	3935920	150	-4993.55027
chr21	4047526	4170489	4111127	150	-3793.94829
chr21	4170765	4400005	4280376	150	-3429.22850
chr21	4400838	4945460	4641130	150	-4402.30205
chr21	4945503	5155650	5064514	150	-2714.51491
chr21	5155690	5250098	5207715	150	-4168.59394
chr21	5250099	5343209	5302576	150	-2859.89131
chr21	5343210	5511441	5421153	150	-2166.91379
chr21	5513125	5661949	5591642	150	-3069.47522
