scaffold	start	end	mid	sites	lnL
chr24	15635	109772	75238	150	-3888.66005
chr24	111098	170978	137033	150	-4995.01366
chr24	171091	248177	197934	150	-4802.99358
chr24	248203	300792	272207	150	-4949.21896
chr24	300806	367118	337724	150	-5026.51837
chr24	367127	438820	400961	150	-5912.76947
chr24	440015	551846	495432	150	-5258.70496
chr24	551860	651783	602407	150	-5331.40386
chr24	651967	744480	702310	150	-4980.62283
chr24	744504	825878	780630	150	-4857.02723
chr24	826188	903215	869810	150	-5679.47817
chr24	904260	982913	942470	150	-5286.41006
chr24	982926	1069894	1028366	150	-5528.21053
chr24	1069918	1107803	1093023	150	-5985.74719
chr24	1107951	1174140	1135239	150	-5221.97839
chr24	1174149	1479696	1296996	150	-6615.35365
chr24	1482505	1650366	1586765	150	-6413.30944
chr24	1650413	1991128	1813146	150	-6506.04133
chr24	1991135	2468244	2228100	150	-6849.60868
chr24	2470914	2774879	2570007	150	-6355.34245
chr24	2782608	3254593	3033738	150	-7382.31895
chr24	3260112	3512612	3354021	150	-7255.36417
chr24	3512645	3761952	3672869	150	-6466.19156
chr24	3761953	3866762	3829144	150	-6565.69861
chr24	3866765	4100679	3968680	150	-4321.78788
chr24	4100893	4265260	4182589	150	-6087.88710
chr24	4265285	4436273	4330247	150	-4613.73442
chr24	4436345	4698107	4582724	150	-5162.38364
chr24	4698115	4891939	4800495	150	-6208.37154
chr24	4891962	5183464	5034896	150	-6340.08618
chr24	5186397	5363084	5296704	150	-5278.63823
chr24	5363224	5517492	5459211	150	-5122.52828
chr24	5517493	5667229	5600487	150	-4654.06986
chr24	5667262	5866520	5764901	150	-5648.36300
chr24	5866533	6206515	6029513	150	-4914.81079
chr24	6206516	6369633	6281181	150	-3765.53619
chr24	6377037	6522984	6453171	150	-3245.78880
chr24	6525433	6873752	6690402	150	-2225.01483
